"","year","plot","H_block_avg","n","sd"
"1","2008","CT",2.23811583559655,3,0.101514274184734
"2","2008","F10",2.04665601241157,3,0.218733757744791
"3","2008","F2",2.23483445779376,3,0.176974168149792
"4","2008","F5",2.12671824090463,3,0.195259368512259
"5","2021","CT",1.97522016926817,3,0.127694320726587
"6","2021","F10",0.631560020745347,3,0.206777881778057
"7","2021","F2",1.75622043794467,3,0.0765087758722827
"8","2021","F5",1.17799035365506,3,0.238149693194721
