"","year","plot","richness_avg_block","sd","n","se"
"1","2008","CT",12.1666666666667,1.01036297108185,3,0.583333333333333
"2","2008","F10",11.75,1.75,3,1.01036297108185
"3","2008","F2",13,1.6393596310755,3,0.946484724300046
"4","2008","F5",11.9166666666667,1.50692844333543,3,0.870025542409213
"5","2021","CT",12.125,0.81967981553775,3,0.473242362150023
"6","2021","F10",4.58333333333333,0.629152869605896,3,0.363241578628389
"7","2021","F2",11.2083333333333,1.67860308987364,3,0.969141945801084
"8","2021","F5",7.66666666666667,1.34822414061362,3,0.778397570511225
