"","year","plot","H_block_avg","sd","n","se"
"1","2008","CT",2.23811583559655,0.101514274184734,3,0.0586092935271454
"2","2008","F10",2.04665601241157,0.218733757744791,3,0.126285993914813
"3","2008","F2",2.23483445779376,0.176974168149792,3,0.102176083620892
"4","2008","F5",2.12671824090463,0.195259368512259,3,0.112733048972349
"5","2021","CT",1.97522016926817,0.127694320726587,3,0.0737243504454816
"6","2021","F10",0.631560020745347,0.206777881778057,3,0.119383265707022
"7","2021","F2",1.75622043794467,0.0765087758722827,3,0.0441723623452311
"8","2021","F5",1.17799035365506,0.238149693194721,3,0.137495789473399
