"","year","plot","richness_avg_block","n","sd"
"1","2008","CT",12.1666666666667,3,1.01036297108185
"2","2008","F10",11.75,3,1.75
"3","2008","F2",13,3,1.6393596310755
"4","2008","F5",11.9166666666667,3,1.50692844333543
"5","2021","CT",12.125,3,0.81967981553775
"6","2021","F10",4.58333333333333,3,0.629152869605896
"7","2021","F2",11.2083333333333,3,1.67860308987364
"8","2021","F5",7.66666666666667,3,1.34822414061362
